Matt,Jack,Chase,Ethan,Miller,Luke,Nick,Jake,Adam,Tyler,James,Joe
Justin Jefferson,Christian Mccaffrey,Ja'Marr Chase,Austin Ekeler,Travis Kelce,Tyreek Hill,Bijan Robinson,Derrick Henry,Nick Chubb,Cooper Kupp,Saquon Barkley,Stefon Diggs
Joe Mixon,Amari Cooper,Jaylen Waddle,Jonathan Taylor,Rhamondre Stevenson,Garrett Wilson,Ceedee Lamb,Amon-Ra St Brown,Davante Adams,Josh Jacobs,AJ Brown,Tony Pollard
Alexander Mattison,Travis Etienne,Breece Hall,Calvin Ridley,Patrick Mahomes,aaron jones,Chris Olave,Devonta Smith,Keenan Allen,Najee Harris,DK Metcalf,Tee Higgins
TJ Hockenson,Jerry Jeudy,Lamar Jackson,Christian Watson,Deebo Samuel,Dameon Pierce,Jahmyr Gibbs,Mark Andrews,Cam Akers,Brandon Aiyuk,Jalen Hurts,Josh Allen
Miles Sanders,Joe Burrow,Kenneth Walker,Justin Herbert,Terry Mclaurin,George Kittle,Deandre Hopkins,James Conner,Javonte Williams,Isiah Pacheco,Rachaad White,JK Dobbins
Michael Pittman,Gabriel Davis,Diontae Johnson,DJ Moore,Rashaad Penny,Chris Godwin,Trevor Lawrence,D'Andre Swift,Alvin Kamara,Justin Fields,Mike Williams,James Cook
David Montgomery,Dallas Goedert,Drake London,Darren Waller,Dalvin Cook,Christian Kirk,Tyler Lockett,Jaxon Smith-Njigba,Kyle Pitts,Khalil Herbert,Mike Evans,Pat Freiermuth
Jahan Dotson,AJ Dillon,Samaje Perine,Antonio Gibson,Marquise Brown,Tua tagovailoa,Brian Robinson,Deshaun Watson,Courtland Sutton,JuJu Smith-Schuster,Evan Engram,George Pickens
Jamaal WIlliams,Brandin Cooks,Damien Harris,Raheem Mostert,Michael Thomas,Jerick Mckinnon,Jordan Addison,Rashod Bateman,Dak Prescott,Zach Charbonnet,Jeff Wilson ,Kendre Miller
Anthony Richardson,D'onta Foreman,Zack Moss,Nico Collins,Zay Flowers,Quentin Johnson,De'Von Achane,Aaron Rodgers,Odell Beckham,Kadarius toney,Skyy Moore,Allen Lazard
Adam Thielen,tyler boyd,Jameson Williams,Treylon Burks,tank bigsby,Dalton Kincaid,kenneth gainwell,zay jones,gus edwards,David njoku,elijah mitchell,elijah moore
romeo doubs,michael gallup,Roschon Johnson,Joshua Kelley,van jefferson,Jaylen warren,zamir white,greg dulcich,dalton schultz,dj shark,jakobi meyers,geno smith
isaiah hodgins,matthew stafford,Gerald Everett,Kirk Cousins,Darnell Mooney,Jared Goff,Chig Okonkwo,49ers,Bills,Saints,Ezekiel Elliott,Zonovan Knight
daniel jones,cole kmet,Rondale Moore,Daniel Carlson,Jonathan Mingo,Devin singletary,Cowboys,Harrison butker,Tyler Bass,Tyler allgeiere,Justin Tucker,Michael Mayer
Patriots,Evan Mcphearson,Younghoe Koo,Eagles,Graham Gano,Alec pierce,kyler murray,Curtis Samuel,Russell Wilson,Jason Meyers,Jets,Ravens
kareem hunt,michael carter,Steelers,Corey davis,dolphins,Jason sanders,rashee rice,Clyde edwards-helaire,Keshawn Boutte,Chubba Hubbard,cordarelle patterson,Greg Zuerlin
sam laporta,chase claypool,Rashid Shaheed,ford-wheaton,brock purdy,Bungles,tank dell,chase edmonds,john metchie,derek carr,bryce young,justyn ross
OKwowkwne denver,Zach wilson,Jordan Love,dwayne haskins,Quez watkins,Kenny Pickett,bryan mcmanus,henry ruggs,ben skowernek,MVS,allen robinson,byron pringle
